Task ID,Task Name,Phase,Priority,Estimated Hours,Dependencies,Labels,Component,Status
1.1,Infrastructure Architecture Design,1 - Foundation,High,2-3,None,"infrastructure,architecture,documentation,planning",Documentation,Not Started
1.2,Setup Terraform Project Structure,1 - Foundation,High,1-2,1.1,"infrastructure,terraform,setup",Terraform,Not Started
4.1,Create S3 Bucket for Generated Data,1 - Foundation,High,1-2,1.2,"infrastructure,terraform,s3,storage",Storage,Not Started
4.3,Create DynamoDB Table for Generation History,1 - Foundation,High,2,1.2,"infrastructure,terraform,dynamodb,database",Storage,Not Started
6.1,Create Bedrock Agent IAM Role,1 - Foundation,High,2,1.2,"infrastructure,terraform,iam,security",Security,Not Started
6.2,Create Lambda Execution Roles,1 - Foundation,High,2-3,"1.2,4.1,4.3","infrastructure,terraform,iam,lambda,security",Security,Not Started
3.1,Create Lambda Base Module,1 - Foundation,High,2-3,6.2,"infrastructure,terraform,lambda",Compute,Not Started
3.2,Create Generate Synthetic Data Lambda,1 - Foundation,High,3-4,3.1,"infrastructure,terraform,lambda",Compute,Not Started
3.3,Create Schema Validation Lambda,1 - Foundation,High,2,3.1,"infrastructure,terraform,lambda",Compute,Not Started
3.4,Create Quality Metrics Lambda,1 - Foundation,High,2-3,3.1,"infrastructure,terraform,lambda",Compute,Not Started
2.1,Create Bedrock Agent Base Configuration,2 - Bedrock Agent,High,3-4,6.1,"infrastructure,terraform,bedrock,agent",Bedrock,Not Started
2.2,Create OpenAPI Schema for Action Groups,2 - Bedrock Agent,High,2-3,2.1,"infrastructure,api,openapi,bedrock",Bedrock,Not Started
2.3,Configure Bedrock Agent Action Groups,2 - Bedrock Agent,High,2-3,"2.2,3.2,3.3,3.4","infrastructure,terraform,bedrock,action-groups",Bedrock,Not Started
4.2,Create S3 Bucket for Knowledge Base,3 - Knowledge Base,High,1-2,4.1,"infrastructure,terraform,s3,knowledge-base",Knowledge Base,Not Started
5.1,Create OpenSearch Serverless Collection,3 - Knowledge Base,High,3-4,1.2,"infrastructure,terraform,opensearch,vector-store",Knowledge Base,Not Started
6.3,Create Knowledge Base IAM Role,3 - Knowledge Base,High,1-2,"5.1,4.2","infrastructure,terraform,iam,knowledge-base",Security,Not Started
5.2,Configure Bedrock Knowledge Base,3 - Knowledge Base,High,2-3,"5.1,4.2,6.3","infrastructure,terraform,bedrock,knowledge-base",Knowledge Base,Not Started
7.1,Create CloudWatch Log Groups,4 - Monitoring,Medium,1,"3.2,3.3,3.4","infrastructure,terraform,cloudwatch,monitoring",Monitoring,Not Started
7.2,Create CloudWatch Metrics and Alarms,4 - Monitoring,Medium,2-3,7.1,"infrastructure,terraform,cloudwatch,monitoring,alarms",Monitoring,Not Started
8.1,Configure KMS Keys for Encryption,4 - Monitoring,High,2,1.2,"infrastructure,terraform,kms,security,encryption",Security,Not Started
9.1,Create Terraform Deployment Scripts,5 - Deployment,High,2,1.2,"infrastructure,automation,scripts,deployment",Automation,Not Started
9.3,Create Environment Configuration Files,5 - Deployment,Medium,1-2,1.2,"infrastructure,configuration,environments",Configuration,Not Started
9.2,Create CI/CD Pipeline Configuration,5 - Deployment,Medium,3-4,9.1,"infrastructure,cicd,github-actions,automation",Automation,Not Started
10.1,Create Infrastructure Documentation,5 - Deployment,Medium,3-4,All infrastructure tasks,"infrastructure,documentation",Documentation,Not Started
10.3,Create Infrastructure Validation Checklist,5 - Deployment,Medium,1-2,10.1,"infrastructure,documentation,validation",Documentation,Not Started
3.5,Create Lambda Layers for Dependencies,6 - Enhancements,Medium,2-3,3.1,"infrastructure,terraform,lambda,optimization",Compute,Not Started
7.3,Create CloudWatch Dashboard,6 - Enhancements,Low,2,7.2,"infrastructure,terraform,cloudwatch,monitoring,dashboard",Monitoring,Not Started
8.2,Implement VPC Configuration,6 - Enhancements,Low,3-4,1.2,"infrastructure,terraform,vpc,networking,optional",Networking,Not Started
8.3,Configure AWS WAF for API Protection,6 - Enhancements,Low,2-3,None,"infrastructure,terraform,waf,security,optional",Security,Not Started
10.2,Create Terraform Testing Framework,6 - Enhancements,Low,4-5,9.1,"infrastructure,testing,automation",Testing,Not Started
11.1,Create CloudFormation Templates,6 - Enhancements,Low,8-10,1.1,"infrastructure,cloudformation,optional",Alternative,Not Started
